bf87a2e1-128e-ac0d-7680-c2cf52dbb601.json,d91aa78f3606a16d688f1d17206c58c9,ff42ef9b37f51d3c29b7eccef15756a9bf70982f
bbb28e00-a4f1-db42-4f3d-4817c338876b.json,d16aa1fd223e1e6c329876cfc90dc438,1fcaaf5b42d311d195b9331b0d8761d8a760182b
8da8048b-806a-128e-81b3-58b44af5ab97.json,e3f47ebbc963ebebf54769931ea55d82,93684dba39963081c1744a8a60d19deff999ad9a
7e6dbd01-367e-d824-fe6d-a01777732b7d.json,6648dc55a09fed2490180291c75f69b2,a7624e283fe8c51f81d967d89a7ad72dc0cae7b4
82c0c6b4-5ece-2e3a-4cdb-86426a738e70.json,a06b59cf830cf75532390be3b03529e4,7be891d52e4b34133a9fb339b31d4bd792d024b7
19cab713-c56d-ee49-c82a-56098f5d2c80.json,b3fb9aef59431d20e404ff8de6c3bb8d,d17be76dd11020b1a68cb931aa5540d69d382240
0b956bfd-0ad3-dd22-6281-d817e5036f2f.json,54d08737778abd2d6d990a1675a58dd8,4e20960c7ba082287970e34420ec097620915899
661f5d2f-c091-ac75-a4d2-61bb1e89e7ae.json,4716ca50a6cf2c6da81adb68cd0e221b,9fdf5d5d69d7842c56c888cf33ee366f58a1288b
35155d0c-3cdd-cd6d-2d89-96efe795583b.json,8d9a2e359f3cc98cf41d42784ed4e5e5,9de55e36186a40ce2ef96abee2d1875fe4cd4024
32f25ae3-066a-1ad6-80d0-fab3e26c0e10.json,d7aa9f7e2d79363788468d828e7ebfed,1a6acf2ba8eab21f36a059372ec28efc5e3c1fd8
53a4b21b-97b1-a713-e1a6-e925c8c9f889.json,de345794a99c587326326ca5a443d29e,972e2b714512f58f93806709a29cc1a76e7576d2
a1fed8ac-8037-a0f5-0f4e-97c90b2ec965.json,e08b3dad81cfc6019a4b4a2b154e09ac,e344ef10de381d27e2663b506ff922ef8da56dbc
ba38b21f-a4ed-e1f0-e5b0-4a3ce677cd26.json,62a1a133d48952ba73a60936043e11be,c3739d9584e23f4c3ce0f1637503546a73c27a05
84fc3db8-2218-2265-ee22-8ee69f62d970.json,273eed5422c321f11917e7c97990665f,82feb79a5c4258f4401697ec9de701334eea31ec
dc5e7fb0-9dd6-9635-c0da-dadc33473cea.json,7c65b7b11567eadfe0df46ee1855b56d,57f056ff9221693b5b4bdfdbf99f0c62378b8990
1cccb622-ea9f-7533-674f-bd43ede7018b.json,c885fd0d4636a64e43e191c09d7a468a,e834332db6054572ad14355597b499dcb7bf0d83
a4c97918-0f57-1511-9849-f28767b875b1.json,f386f82627006e13f29aadc170d92294,a2e351ca972122777c1a3791288ba0dba29fa6cb
d22a9d37-b82a-a263-2b7c-29e3dd0a6f04.json,75f37c29910df6a5ff9005cd17047249,cc7bb590e82957aad7fdc74d9d13e826af073815
10249741-d8df-30ba-a8c8-c36c16d921e8.json,88c2826715c956dc65e5087bb51d5f79,8457f4b3664451b406c8d62b8a0fb4f609c857b7
24da72fa-1ad2-d46b-7011-dfd5dd9dda5d.json,c2ee7ce40637d64de001fb61386f2c31,4c380a35da46135c7135b99463d20ff371d9f670
7f548b1b-8137-6db8-80f1-ca5bc16626c3.json,d2105e578fbd3fc0865496406b079684,e06218db804133d93dcc544d4a1d71fdd3356442
0d826780-a8a5-34b6-6f73-2384840131e9.json,07f5a98a7e40b2830bfdd280e90cd0f7,5371f8c1aa1137b3c93532e70689fa4468166d4f
f8b93dc7-8b29-3cd5-951f-86732ba9eab7.json,d6bd668433ac95fe937533021055c14d,8b0214f63eebacb39246a51a34f326d5ff049e80
529e71c9-3396-2bc2-7382-30a7231c0af5.json,765ab22bda80c4ff4b4a7a54c971d13e,4bd4e2be3bfe40ca53e4359565d5610ed2089f5e
5a0f4f4c-37a2-123a-9c4c-8f2983597dda.json,8ab5088b802695c8dee5e5c84e1e1669,9e02ead64eb4702eefc0c493bd7a0485297db339
dc777e4c-c0cb-ad32-19a2-6a3347346259.json,b5825f24cf26463122f7f3ea5a6fb903,eb51f819e0850d61b556bf23f587e69d1501e0c9
4e4763b0-7cb3-5082-b57e-f263b7357e71.json,a7d518fdcafd6251d1e5b33be1cbdd34,c814429d4ee0cba52cb10433440d40e4b14b8ae5
fc984428-5926-3a42-b2eb-1bd2e98fe0fb.json,49bd9673d748cfa22e3842e3bb5b928b,8c0aff9b16837d4773595b385f400f900ace1945
c9030714-a793-333e-b5d1-1fcebeb8a236.json,125dc3df2d0d5b82f342445afe4af982,747989bb2ba675418e3d3cbf998d9e31949c2a11
a0e947ef-a28c-7b18-ced5-8993d191a950.json,86caddd34558c42aef340241ab63d8d2,4ee48a060f82c481761ac0b8c644d0ffc0526d70
4e19ecf2-d4b5-d7f3-e895-e0200ed64eed.json,13aa63d1017ec34ae0af8356d7922b00,be69242595919069ebac3e9e1e0c23e58af7cf73
495c0e12-736d-1705-5790-cbf04d6f2357.json,29abb9d0e32b8641c1cf9485e22c377e,0432cc90e5ebf6255e71bf7e31c95845316d9180
2e1db569-50f5-1f0f-e9bf-212b1ac5f27f.json,f8e08b5dc5c4eb3ee58aad2d58f02574,22bb863d8c81850b5da3b605ae4ea596d8c2b232
2916842a-ed32-9e84-c949-d7a7d27d5dc7.json,f173a67777b61811324dac0518795aaa,87d88383ad989511530e4136b39bbc31cc0385b4
