bf87a2e1-128e-ac0d-7680-c2cf52dbb601.json,b610616201db9867146997bc3f42dd75,46e27434c4a0437724bea2c6fc329539d6b392f5
bbb28e00-a4f1-db42-4f3d-4817c338876b.json,8cb214f3776e354b88e43cefcdb46903,55d95c17e09d1179c89f06d624321c4a8aec1edb
8da8048b-806a-128e-81b3-58b44af5ab97.json,102adc2fb519714e5b4bdde640cd731d,9870fe5de8dc2d46ab5cc938eaa1c22e7b714392
7e6dbd01-367e-d824-fe6d-a01777732b7d.json,85d723488c2d3630f5a9c32c98b0018d,a23303c38262b04d69ece229059c5d1c17cbaecf
1f4a5a4d-ee4f-998b-9eaa-1abb56a885c2.json,5bf3985777a398cfc9aa1a88e2810792,d7ed4ebf237f33a6d6d96ed17272669eb5ccad80
82c0c6b4-5ece-2e3a-4cdb-86426a738e70.json,52ef915c0cf7d9420b4e306dbe011930,fb11cbedec2741efb51e58a10223895912d199f5
19cab713-c56d-ee49-c82a-56098f5d2c80.json,9d7bb903e1e0c6860743c77d74b97cbc,76821197b492399aa2c46a8f85cde8629103d53d
0b956bfd-0ad3-dd22-6281-d817e5036f2f.json,2deb01ad06e051832d4a05c20e2825fe,44669aade289f4cf1a4fe67c134a55ab9ab56766
661f5d2f-c091-ac75-a4d2-61bb1e89e7ae.json,168d361bca19c19a7868f23b2b5d7fd4,2a9a62576dc97c10db91c405d4cddef05e2ea78b
35155d0c-3cdd-cd6d-2d89-96efe795583b.json,5386a86837eb223ba36eb6b55db49408,3227c4a8f00e60123316b4db07bd029f60f5d366
32f25ae3-066a-1ad6-80d0-fab3e26c0e10.json,911f4a69bf43cc01cc147deee9a95438,3dad5a92adafdee5aa24b4e2e6b286e655e5e337
53a4b21b-97b1-a713-e1a6-e925c8c9f889.json,55e276e4402754a8f12cb929ef43c538,234306e557795b16dbe7090b730b2061c54d1317
a1fed8ac-8037-a0f5-0f4e-97c90b2ec965.json,1ff10728ffbcb1a824dcbbc73a83c7c0,177403afc5a76686ec910bde1154f100fa3e33ba
ba38b21f-a4ed-e1f0-e5b0-4a3ce677cd26.json,598408dca8a280eacd42c01a01512bbe,0a7c6730e9a426ba8bb7ba47160dbfefa5312a2d
84fc3db8-2218-2265-ee22-8ee69f62d970.json,b9c691734377cb56e0432a70fc178c33,40ec56ac707c1f92dbcd73b844a770a9f5851783
dc5e7fb0-9dd6-9635-c0da-dadc33473cea.json,5db50f0b70caf30933f3556b13a87f8c,c81e80e453be8ee369f791cc15615c9adba21e3e
1d5871b6-8763-711a-a189-1e71cd418df6.json,d08897310bdaba9d6618eea7ff3d20c3,e60e488dbaed2c597f2821478227103762dac1d2
1cccb622-ea9f-7533-674f-bd43ede7018b.json,e6a1304e090483058ac76db79ec17ac4,6e1651d9b719fbe3bbd329754b0d7c0e991dec0f
a4c97918-0f57-1511-9849-f28767b875b1.json,c56ce9637830422dabe226487dc8266c,e007103452a9dec7ec0573bbe2e2426e8974b7ed
d22a9d37-b82a-a263-2b7c-29e3dd0a6f04.json,7f08f544819b9ac062560ba42e524737,82b1e09854e39d4a557d5461902db4aa4d510b28
10249741-d8df-30ba-a8c8-c36c16d921e8.json,6577c307bdf56f89014c0487a68e0875,3a449120b4da2e9176c4bdab8b2b922f811a16b8
24da72fa-1ad2-d46b-7011-dfd5dd9dda5d.json,401770b86bb523dfa895fe32649fdf65,e9bb1700ac4168a063c97945e9decce2864a5793
7f548b1b-8137-6db8-80f1-ca5bc16626c3.json,1c73a42db0748c91ca174abd6b23f75b,32b262e662e99c4fb6e690012872b2edfe492824
0d826780-a8a5-34b6-6f73-2384840131e9.json,77bde8aedf2713a8c83a9cc537df1cc6,7636d7580d6dfaaddffce2a7091be38af97282f8
f8b93dc7-8b29-3cd5-951f-86732ba9eab7.json,11c168815286df043959390403f6b38a,7bb46cf94f800290505f9ce3ca443012d74d65de
d5393a96-6ed4-c70a-7701-b905effdce0f.json,888862f9741e401a8b823409630e1d06,2a32596d6c18711eec49f979b92a83b5079a06ea
529e71c9-3396-2bc2-7382-30a7231c0af5.json,d23cf067edd780840cd4fe4b9d4f70e9,704fdceb11606db4a240e067775355a043ca7a26
623f367d-b46d-9bbe-24df-abfcc23150a0.json,56793fe3af9ed0d8130d899d1829b2a4,a2d00c3c538a01b5974c374a9a31f34e267aabb7
800f30af-710a-e43c-c0de-879078a44207.json,428382bc4b471b6883268cdbfda82504,c3e422d01016498036c89b489ddf764d81242338
4e4763b0-7cb3-5082-b57e-f263b7357e71.json,b50e1ba1410d00dc3b2563bafaa5106d,68b6e50717ae37f235f6b94acff10fd20f44cf4b
fc984428-5926-3a42-b2eb-1bd2e98fe0fb.json,f39a30f4bba52b4bfca5aa9abde12b18,3dc65bacbf1122b0692adaab899ddc91c831d600
c9030714-a793-333e-b5d1-1fcebeb8a236.json,502e47cdf05d3358e6bf7ced91009ecd,5d55390e7582107f67b4afcdaa471b4fcb3bcf41
a0e947ef-a28c-7b18-ced5-8993d191a950.json,93151447b89680be3336dc73253f3c0b,3d6f8d7cf19de7fc74151c2447b42314837c5d9e
5d97debc-889b-212f-cc39-f143f0178986.json,0b022611db12e234e58e5b8c8fa319ff,de03e1ab393ffabe56862c387ef5a734f1a662de
4e19ecf2-d4b5-d7f3-e895-e0200ed64eed.json,d60c1005c6566d4a999c17110c84e6cf,472f283d9d645b6b164fa31a2e971cbc588c1ea2
495c0e12-736d-1705-5790-cbf04d6f2357.json,1bfd9c6e9c55fada8d07584a0c661701,aca8687eaa8e0bd7ec4f6cada13240a612f587d8
2e1db569-50f5-1f0f-e9bf-212b1ac5f27f.json,60820c3aba586eb6f692b8a75dd455ab,df0f558444ba471782c5cd69fee9cf8b8e82ee2d
2916842a-ed32-9e84-c949-d7a7d27d5dc7.json,cd6b432294d6662022278836ac59f586,ce2d9cb0e3ef55359af6e569914a5bbee4ac0c65
